时间,基准收益,策略收益,当日盈利,当日亏损,当日买入,当日卖出
2014-01-02 16:00:00,1.33,0,0,0,0,0
2014-01-03 16:00:00,0.98,0,0,0,0,0
2014-01-06 16:00:00,-0.38,0,0,0,0,0
2014-01-07 16:00:00,-2.64,0,0,0,0,0
2014-01-08 16:00:00,-2.67,0,0,0,0,0
2014-01-09 16:00:00,-2.5,-0.02,0,-44.45,3806.15,0
2014-01-10 16:00:00,-3.36,-0.03,0,-26.98,0,0
2014-01-13 16:00:00,-4.11,-0.04,0,-21.19,0,0
2014-01-14 16:00:00,-4.6,-0.04,0,-15.38,0,0
2014-01-15 16:00:00,-3.77,-0.03,36.26,0,0,0
2014-01-16 16:00:00,-3.94,-0.05,0,-65.46,3806.03,0
2014-01-17 16:00:00,-3.81,-0.05,15.9,0,0,0
2014-01-20 16:00:00,-5.26,-0.08,0,-90.24,0,0
2014-01-21 16:00:00,-5.8,-0.1,0,-32.78,0,0
2014-01-22 16:00:00,-4.87,-0.07,70.35,0,0,0
2014-01-23 16:00:00,-2.42,0.02,230.8,0,3850.51,0
2014-01-24 16:00:00,-2.94,-0,0,-58.57,0,0
2014-01-27 16:00:00,-2.34,0.02,60.17,0,0,0
2014-01-28 16:00:00,-3.63,-0.03,0,-121.88,0,0
2014-01-29 16:00:00,-3.46,-0.01,29.62,0,0,0
2014-01-30 16:00:00,-3.12,-0.01,19.59,0,3766.44,0
2014-02-07 16:00:00,-4.22,-0.07,0,-154.2,0,0
2014-02-10 16:00:00,-3.78,-0.04,71.89,0,0,0
2014-02-11 16:00:00,-1.39,0.09,323.2,0,0,0
2014-02-12 16:00:00,-0.6,0.13,104.97,0,0,0
2014-02-13 16:00:00,-0.36,0.14,17.66,0,3619.48,0
2014-02-14 16:00:00,-0.87,0.1,0,-90.96,0,0
2014-02-17 16:00:00,-0.17,0.14,104.08,0,0,0
2014-02-18 16:00:00,0.53,0.2,148.7,0,0,0
2014-02-19 16:00:00,-0.74,0.13,0,-178.05,0,0
2014-02-20 16:00:00,0.4,0.22,215.96,0,3607.99,0
2014-02-21 16:00:00,-0.52,0.16,0,-144.19,0,0
2014-02-24 16:00:00,-1.53,0.06,0,-248.96,0,0
2014-02-25 16:00:00,-3.69,-0.14,0,-512.02,0,0
2014-02-26 16:00:00,-6.16,-0.34,0,-496.76,0,0
2014-02-27 16:00:00,-5.92,-0.32,42.26,0,3860.38,0
2014-02-28 16:00:00,-6.32,-0.35,0,-59,0,0
2014-03-03 16:00:00,-5.24,-0.27,200.77,0,0,0
2014-03-04 16:00:00,-4.74,-0.21,153.62,0,0,0
2014-03-05 16:00:00,-5.01,-0.24,0,-72.63,0,0
2014-03-06 16:00:00,-5.89,-0.34,0,-255.77,3804.62,0
2014-03-07 16:00:00,-5.47,-0.26,182.42,0,0,0
2014-03-10 16:00:00,-5.7,-0.31,0,-110.58,0,0
2014-03-11 16:00:00,-8.77,-0.67,0,-913.33,0,0
2014-03-12 16:00:00,-8.3,-0.63,117.5,0,0,0
2014-03-13 16:00:00,-8.06,-0.59,88.4,0,3869.25,0
2014-03-14 16:00:00,-6.92,-0.44,368.45,0,0,0
2014-03-17 16:00:00,-7.68,-0.52,0,-197.4,0,0
2014-03-18 16:00:00,-6.8,-0.39,344.61,0,0,0
2014-03-19 16:00:00,-7.02,-0.4,0,-41.56,0,0
2014-03-20 16:00:00,-7.77,-0.49,0,-209.85,3830.21,0
2014-03-21 16:00:00,-9.24,-0.7,0,-547.46,0,0
2014-03-24 16:00:00,-6.12,-0.24,1165.75,0,0,0
2014-03-25 16:00:00,-5.35,-0.09,383,0,0,0
2014-03-26 16:00:00,-5.44,-0.1,0,-48.56,0,0
2014-03-27 16:00:00,-5.58,-0.15,0,-111.99,3797.71,0
2014-03-28 16:00:00,-6.25,-0.25,0,-260,0,0
2014-03-31 16:00:00,-6.41,-0.29,0,-80.54,0,0
2014-04-01 16:00:00,-6.66,-0.31,0,-48.91,0,0
2014-04-02 16:00:00,-5.93,-0.17,327.86,0,0,0
2014-04-03 16:00:00,-5.16,-0.01,422.88,0,3825.72,0
2014-04-04 16:00:00,-5.85,-0.19,0,-455.34,0,0
2014-04-08 16:00:00,-4.96,-0.04,379.05,0,0,0
2014-04-09 16:00:00,-2.7,0.32,887.54,0,0,0
2014-04-10 16:00:00,-2.65,0.32,0,-7.73,3654.3,0
2014-04-11 16:00:00,-1.12,0.58,649.59,0,0,0
2014-04-14 16:00:00,-1.25,0.57,0,-21.79,0,0
2014-04-15 16:00:00,-1.34,0.54,0,-75.38,0,0
2014-04-16 16:00:00,-3.04,0.18,0,-889.58,0,0
2014-04-17 16:00:00,-2.91,0.18,0.63,0,3612.58,0
2014-04-18 16:00:00,-3.25,0.11,0,-172.52,0,0
2014-04-21 16:00:00,-3.26,0.1,0,-30.04,0,0
2014-04-22 16:00:00,-4.88,-0.22,0,-807.09,0,0
2014-04-23 16:00:00,-4.46,-0.15,179.69,0,0,0
2014-04-24 16:00:00,-4.56,-0.18,0,-73.39,3731.15,0
2014-04-25 16:00:00,-4.74,-0.2,0,-51.68,0,0
2014-04-28 16:00:00,-5.72,-0.43,0,-578.16,0,0
2014-04-29 16:00:00,-7.15,-0.75,0,-786.36,0,0
2014-04-30 16:00:00,-6.13,-0.53,545.34,0,0,0
2014-05-05 16:00:00,-6.12,-0.53,0,-15.31,3863.43,0
2014-05-06 16:00:00,-6.22,-0.56,0,-75.47,0,0
2014-05-07 16:00:00,-6.18,-0.57,0,-10.22,0,0
2014-05-08 16:00:00,-7.05,-0.79,0,-542.35,3914.85,0
2014-05-09 16:00:00,-7.13,-0.79,0,-5.54,0,0
2014-05-12 16:00:00,-7.2,-0.84,0,-142.07,0,0
2014-05-13 16:00:00,-5.19,-0.29,1381.8,0,0,0
2014-05-14 16:00:00,-5.42,-0.35,0,-154.85,0,0
2014-05-15 16:00:00,-5.53,-0.38,0,-63.93,3849.68,0
2014-05-16 16:00:00,-6.76,-0.7,0,-794.42,0,0
2014-05-19 16:00:00,-6.68,-0.65,127.26,0,0,0
2014-05-20 16:00:00,-8.02,-0.94,0,-723.75,0,0
2014-05-21 16:00:00,-7.99,-0.94,0,-19.69,0,0
2014-05-22 16:00:00,-7.11,-0.71,592.31,0,3921.23,0
2014-05-23 16:00:00,-7.33,-0.76,0,-133.17,0,0
2014-05-26 16:00:00,-6.57,-0.51,626.72,0,0,0
2014-05-27 16:00:00,-6.24,-0.38,325.89,0,0,0
2014-05-28 16:00:00,-6.62,-0.47,0,-217.21,0,0
2014-05-29 16:00:00,-5.66,-0.21,633.84,0,3865.66,0
2014-05-30 16:00:00,-6.28,-0.4,0,-462.37,0,0
2014-06-03 16:00:00,-6.22,-0.38,50.48,0,0,0
2014-06-04 16:00:00,-6.5,-0.45,0,-185.55,0,0
2014-06-05 16:00:00,-7.44,-0.79,0,-847.42,3854.32,0
2014-06-06 16:00:00,-6.47,-0.48,770.4,0,0,0
2014-06-09 16:00:00,-7.16,-0.67,0,-471.09,0,0
2014-06-10 16:00:00,-7.18,-0.64,87.01,0,0,0
2014-06-11 16:00:00,-6.01,-0.28,897.29,0,0,0
2014-06-12 16:00:00,-6.03,-0.31,0,-87.43,3820.7,0
2014-06-13 16:00:00,-6.35,-0.45,0,-336.66,0,0
2014-06-16 16:00:00,-5.36,-0.04,1010.68,0,0,0
2014-06-17 16:00:00,-4.68,0.18,565.12,0,0,0
2014-06-18 16:00:00,-5.64,-0.12,0,-769.01,0,0
2014-06-19 16:00:00,-6.05,-0.32,0,-488.97,3775.64,0
2014-06-20 16:00:00,-7.5,-0.85,0,-1320.95,0,0
2014-06-23 16:00:00,-7.08,-0.63,541.67,0,0,0
2014-06-24 16:00:00,-7.19,-0.68,0,-117.09,0,0
2014-06-25 16:00:00,-6.73,-0.5,437.13,0,0,0
2014-06-26 16:00:00,-7.22,-0.64,0,-343.98,3863.55,0
2014-06-27 16:00:00,-6.54,-0.38,651.59,0,0,0
2014-06-30 16:00:00,-6.49,-0.27,267.54,0,0,0
2014-07-01 16:00:00,-5.84,-0.07,495.22,0,0,0
2014-07-02 16:00:00,-5.87,-0.09,0,-30.48,0,0
2014-07-03 16:00:00,-5.59,0.07,384.05,0,3798.89,0
2014-07-04 16:00:00,-5.19,0.3,577.16,0,0,0
2014-07-07 16:00:00,-5.25,0.3,1.15,0,0,0
2014-07-08 16:00:00,-5.36,0.32,44.61,0,0,0
2014-07-09 16:00:00,-5.17,0.42,263.62,0,0,0
2014-07-10 16:00:00,-6.56,-0.15,0,-1437.79,3743.11,0
2014-07-11 16:00:00,-6.81,-0.12,77.63,0,0,0
2014-07-14 16:00:00,-6.59,0.11,580.48,0,0,0
2014-07-15 16:00:00,-5.55,0.63,1299.65,0,0,0
2014-07-16 16:00:00,-5.41,0.73,261.53,0,0,0
2014-07-17 16:00:00,-5.59,0.68,0,-125.04,3751.69,0
2014-07-18 16:00:00,-6.19,0.48,0,-506.99,0,0
2014-07-21 16:00:00,-5.88,0.72,598.62,0,0,0
2014-07-22 16:00:00,-5.79,0.69,0,-74.75,0,0
2014-07-23 16:00:00,-4.64,1.26,1422.43,0,0,0
2014-07-24 16:00:00,-4.42,1.43,430.15,0,3694.14,0
2014-07-25 16:00:00,-2.72,2.23,2006.61,0,0,0
2014-07-28 16:00:00,-1.7,2.68,1104.06,0,0,0
2014-07-29 16:00:00,1.06,3.86,2968.94,0,0,0
2014-07-30 16:00:00,1.39,4.04,449.2,0,0,0
2014-07-31 16:00:00,0.98,3.76,0,-715.66,3076.16,0
2014-08-01 16:00:00,2.21,4.35,1493.74,0,0,0
2014-08-04 16:00:00,1.3,4,0,-895.99,0,0
2014-08-05 16:00:00,3.31,4.87,2181.76,0,0,0
2014-08-06 16:00:00,3.04,4.73,0,-339.33,0,0
2014-08-07 16:00:00,2.77,4.6,0,-342.47,2894.42,0
2014-08-08 16:00:00,1.22,3.88,0,-1777.82,0,0
2014-08-11 16:00:00,1.38,3.97,200.5,0,0,0
2014-08-12 16:00:00,2.87,4.73,1901.75,0,0,0
2014-08-13 16:00:00,2.5,4.56,0,-415.14,0,0
2014-08-14 16:00:00,2.58,4.63,165.71,0,2934.28,0
2014-08-15 16:00:00,1.59,4.17,0,-1135.56,0,0
2014-08-18 16:00:00,2.66,4.66,1217.51,0,0,0
2014-08-19 16:00:00,3.27,4.95,716.67,0,0,0
2014-08-20 16:00:00,3.28,4.91,0,-100.3,0,0
2014-08-21 16:00:00,2.9,4.72,0,-473.97,2924.1,0
2014-08-22 16:00:00,2.38,4.4,0,-778.35,0,0
2014-08-25 16:00:00,2.87,4.67,666.86,0,0,0
2014-08-26 16:00:00,1.89,4.17,0,-1251.13,0,0
2014-08-27 16:00:00,1.07,3.74,0,-1068.02,0,0
2014-08-28 16:00:00,1.22,3.75,17.14,0,3319.28,0
2014-08-29 16:00:00,0.51,3.32,0,-1075.58,0,0
2014-09-01 16:00:00,1.69,3.89,1418.88,0,0,0
2014-09-02 16:00:00,2.43,4.31,1047.04,0,0,0
2014-09-03 16:00:00,3.78,4.93,1564.68,0,0,0
2014-09-04 16:00:00,4.76,5.39,1152.2,0,3225.34,0
2014-09-05 16:00:00,5.51,5.77,935.68,0,0,0
2014-09-09 16:00:00,6.51,6.21,1112.94,0,0,0
2014-09-10 16:00:00,6.34,6.18,0,-89.81,0,0
2014-09-11 16:00:00,5.78,5.86,0,-796.11,2921.98,0
2014-09-12 16:00:00,5.39,5.67,0,-471.35,0,0
2014-09-15 16:00:00,6.04,6.02,870.8,0,0,0
2014-09-16 16:00:00,5.99,6.03,36.82,0,0,0
2014-09-17 16:00:00,3.88,5.08,0,-2385.14,0,0
2014-09-18 16:00:00,4.43,5.34,653.22,0,3152.44,0
2014-09-19 16:00:00,4.75,5.52,442.04,0,0,0
2014-09-22 16:00:00,5.47,5.87,887.15,0,0,0
2014-09-23 16:00:00,3.46,4.81,0,-2656.89,0,0
2014-09-24 16:00:00,4.35,5.24,1086.86,0,0,0
2014-09-25 16:00:00,6.19,6.14,2252.93,0,3179.21,0
2014-09-26 16:00:00,5.98,6.02,0,-318.46,0,0
2014-09-29 16:00:00,5.99,6.01,0,-26.54,0,0
2014-09-30 16:00:00,6.45,6.24,594.25,0,0,0
2014-10-08 16:00:00,6.59,6.32,185.56,0,0,0
2014-10-09 16:00:00,7.78,6.88,1390.58,0,2964.76,0
2014-10-10 16:00:00,7.94,7.05,437.87,0,0,0
2014-10-13 16:00:00,7.28,6.8,0,-617.53,0,0
2014-10-14 16:00:00,6.76,6.58,0,-550.53,0,0
2014-10-15 16:00:00,6.4,6.44,0,-367.39,0,0
2014-10-16 16:00:00,7.15,6.79,874.38,0,2630.67,0
2014-10-17 16:00:00,6.3,6.32,0,-1172.14,0,0
2014-10-20 16:00:00,6.19,6.11,0,-511.93,0,0
2014-10-21 16:00:00,6.75,6.5,981.41,0,0,0
2014-10-22 16:00:00,5.82,5.94,0,-1403.17,0,0
2014-10-23 16:00:00,5.18,5.63,0,-777.22,3051.52,0
2014-10-24 16:00:00,4.2,5.04,0,-1490.23,0,0
2014-10-27 16:00:00,3.97,4.89,0,-374.41,0,0
2014-10-28 16:00:00,3.02,4.39,0,-1244.87,0,0
2014-10-29 16:00:00,5.1,5.64,3133.82,0,0,0
2014-10-30 16:00:00,6.61,6.65,2529.9,0,3150.16,0
2014-10-31 16:00:00,7.37,7.21,1396.01,0,0,0
2014-11-03 16:00:00,9.08,8.28,2665.72,0,0,0
2014-11-04 16:00:00,9.27,8.54,664.83,0,0,0
2014-11-05 16:00:00,9.29,8.67,302.85,0,0,0
2014-11-06 16:00:00,8.87,8.36,0,-759.55,2441.87,0
2014-11-07 16:00:00,8.99,8.49,315.5,0,0,0
2014-11-10 16:00:00,8.81,8.29,0,-501.99,0,0
2014-11-11 16:00:00,11.58,9.91,4063.94,0,0,0
2014-11-12 16:00:00,11.27,9.51,0,-996.05,0,0
2014-11-13 16:00:00,12.82,10.39,2181.68,0,2244.9,0
2014-11-14 16:00:00,12.19,10.09,0,-740.85,0,0
2014-11-17 16:00:00,12.25,9.99,0,-255.33,0,0
2014-11-18 16:00:00,11.64,9.69,0,-745.68,0,0
2014-11-19 16:00:00,10.52,9,0,-1714.92,0,0
2014-11-20 16:00:00,10.34,8.83,0,-445.02,2346.78,0
2014-11-21 16:00:00,10.33,8.88,138.81,0,0,0
2014-11-24 16:00:00,12.35,9.92,2586.79,0,0,0
2014-11-25 16:00:00,15.21,11.49,3928.81,0,0,0
2014-11-26 16:00:00,16.79,12.5,2541.16,0,0,0
2014-11-27 16:00:00,18.42,13.28,1938.93,0,2132.31,0
2014-11-28 16:00:00,19.79,13.87,1472.78,0,0,0
2014-12-01 16:00:00,22.15,15.56,4226.83,0,0,0
2014-12-02 16:00:00,22.63,15.88,790.09,0,0,0
2014-12-03 16:00:00,27.16,18.27,5989.21,0,0,0
2014-12-04 16:00:00,29.05,19.2,2325.27,0,1281.06,0
2014-12-05 16:00:00,35,22.52,8306.82,0,0,0
2014-12-08 16:00:00,35.9,22.25,0,-678.94,0,0
2014-12-09 16:00:00,41.46,25.18,7314.6,0,0,0
2014-12-10 16:00:00,35.11,21.27,0,-9764.1,0,0
2014-12-11 16:00:00,40.1,24.43,7895.34,0,630.27,0
2014-12-12 16:00:00,38.42,24.36,0,-189.83,0,0
2014-12-15 16:00:00,38.87,24.35,0,-8.4,0,0
2014-12-16 16:00:00,39.91,24.63,698.46,0,0,0
2014-12-17 16:00:00,43.66,26.59,4902.86,0,0,0
2014-12-18 16:00:00,46.15,28.02,3574.4,0,627.74,-2258.33
2014-12-19 16:00:00,45.51,27.99,0,-88.36,0,-2258.33
2014-12-22 16:00:00,47.13,29.49,3756.87,0,0,-2258.33
2014-12-23 16:00:00,47.62,30.24,1882.22,0,0,0
2014-12-24 16:00:00,44.6,28.22,0,-5053.55,0,0
2014-12-25 16:00:00,40.48,26.09,0,-5316.89,0,-2107.77
2014-12-26 16:00:00,45.05,28.91,7030.28,0,0,-2107.77
2014-12-29 16:00:00,49.85,31.31,6008.2,0,0,-2107.77
2014-12-30 16:00:00,50.27,31.79,1210.84,0,0,0
2014-12-31 16:00:00,50.36,31.77,0,-55.36,0,0
2015-01-05 16:00:00,53.68,33.8,5079.23,0,0,-2055.44
2015-01-06 16:00:00,58.37,37.01,8017.53,0,0,-2055.44
2015-01-07 16:00:00,58.34,36.82,0,-489.39,0,-2055.44
2015-01-08 16:00:00,58.46,36.68,0,-336.66,0,-2075.15
2015-01-09 16:00:00,54.79,34.54,0,-5358.37,0,-2075.15
2015-01-12 16:00:00,54.24,34.25,0,-708.35,0,-2075.15
2015-01-13 16:00:00,52.8,33.03,0,-3056.8,0,0
2015-01-14 16:00:00,52.82,33.2,414.06,0,0,0
2015-01-15 16:00:00,52.31,32.87,0,-805.04,0,-1884.96
2015-01-16 16:00:00,56.74,35.67,6982.63,0,0,-1884.96
2015-01-19 16:00:00,58.09,36.26,1476.99,0,0,-1884.96
2015-01-20 16:00:00,45.91,29.98,0,-15690.65,0,0
2015-01-21 16:00:00,47.7,30.58,1490.15,0,0,0
2015-01-22 16:00:00,54.34,34.43,9622.33,0,0,0
2015-01-23 16:00:00,55.15,34.73,750.5,0,0,0
2015-01-26 16:00:00,55.33,34.79,164.76,0,0,0
2015-01-27 16:00:00,56.91,35.51,1791.11,0,0,0
2015-01-28 16:00:00,55.47,34.82,0,-1718.12,0,0
2015-01-29 16:00:00,53.31,33.64,0,-2956.83,0,-1817.34
2015-01-30 16:00:00,51.42,32.78,0,-2144.33,0,-1817.34
2015-02-02 16:00:00,49.36,31.73,0,-2625.77,0,-1817.34
2015-02-03 16:00:00,45.86,29.61,0,-5316.03,0,0
2015-02-04 16:00:00,49.49,31.45,4603.65,0,0,0
2015-02-05 16:00:00,47.94,30.64,0,-2011.85,0,-1678.49
2015-02-06 16:00:00,46.42,29.58,0,-2645.77,0,-1678.49
2015-02-09 16:00:00,44.05,27.92,0,-4157.22,0,-1678.49
2015-02-10 16:00:00,45.51,28.38,1138.83,0,0,0
2015-02-11 16:00:00,48.16,29.94,3896.15,0,0,0
2015-02-12 16:00:00,49.34,30.39,1127.51,0,0,-1567.49
2015-02-13 16:00:00,49.73,30.67,697.51,0,0,-1567.49
2015-02-16 16:00:00,50.9,31.4,1843.37,0,0,-1567.49
2015-02-17 16:00:00,52.19,31.84,1082.6,0,0,0
2015-02-25 16:00:00,53.18,32.57,1823.96,0,0,0
2015-02-26 16:00:00,51.28,31.71,0,-2134.26,0,-1548.07
2015-02-27 16:00:00,55.09,33.68,4933.06,0,0,-1548.07
2015-03-02 16:00:00,55.38,33.73,103.3,0,0,-1548.07
2015-03-03 16:00:00,56.61,34.5,1925.09,0,0,0
2015-03-04 16:00:00,52.55,32.42,0,-5179.34,0,0
2015-03-05 16:00:00,53.55,32.91,1226.01,0,0,-1481.45
2015-03-06 16:00:00,52.05,31.78,0,-2832.87,0,-1481.45
2015-03-09 16:00:00,51.28,31.66,0,-312.04,0,-1481.45
2015-03-10 16:00:00,53.85,33.49,4583.2,0,0,0
2015-03-11 16:00:00,53.11,33,0,-1235.76,0,0
2015-03-12 16:00:00,53.28,33.24,605.6,0,0,-1419.36
2015-03-13 16:00:00,56.25,34.97,4329.45,0,0,-1419.36
2015-03-16 16:00:00,57.33,35.59,1539.04,0,0,-1419.36
2015-03-17 16:00:00,61.15,37.51,4807.49,0,0,0
2015-03-18 16:00:00,63.39,38.82,3291.18,0,0,0
2015-03-19 16:00:00,67.26,41.05,5566.26,0,0,-6155.91
2015-03-20 16:00:00,66.98,40.99,0,-162.1,0,-6155.91
2015-03-23 16:00:00,69.28,41.72,1827.32,0,0,-6155.91
2015-03-24 16:00:00,72.74,43.41,4241.75,0,0,0
2015-03-25 16:00:00,72.78,43.38,0,-92.42,0,0
2015-03-26 16:00:00,71.36,42.47,0,-2269.99,0,-30242.01
2015-03-27 16:00:00,71.78,42.96,1239.19,0,0,-30242.01
2015-03-30 16:00:00,72.72,43.44,1185.89,0,0,-30242.01
2015-03-31 16:00:00,77.79,46.04,6490.01,0,0,0
2015-04-01 16:00:00,76.18,45.26,0,-1945.13,0,0
2015-04-02 16:00:00,79.34,46.39,2840.12,0,0,-6408.31
2015-04-03 16:00:00,79.38,46.79,984.74,0,0,-6408.31
2015-04-07 16:00:00,81.37,47.64,2137.9,0,0,-6408.31
2015-04-08 16:00:00,85.26,49.88,5594.24,0,0,0
2015-04-09 16:00:00,86.82,50.56,1688.39,0,0,-22095.66
2015-04-10 16:00:00,85.35,50.01,0,-1358.31,0,-22095.66
2015-04-13 16:00:00,88.93,51.7,4227.43,0,0,-22095.66
2015-04-14 16:00:00,92.27,53.37,4166.54,0,0,0
2015-04-15 16:00:00,93.01,53.52,371.13,0,0,0
2015-04-16 16:00:00,90.5,52.73,0,-1972.2,0,-67895.86
2015-04-17 16:00:00,96.29,54.07,3362.64,0,0,-67895.86
2015-04-20 16:00:00,99.88,54.75,1699.39,0,0,-67895.86
2015-04-21 16:00:00,96.65,53.84,0,-2283.74,0,0
2015-04-22 16:00:00,100.88,54.73,2218.94,0,0,0
2015-04-23 16:00:00,106.13,55.52,1971.71,0,0,-58337.77
2015-04-24 16:00:00,106.17,55.59,174.1,0,0,-58337.77
2015-04-27 16:00:00,104.51,55.26,0,-827.02,0,-58337.77
2015-04-28 16:00:00,109.07,55.76,1262.31,0,0,0
2015-04-29 16:00:00,106.22,55.13,0,-1566.96,0,0
2015-04-30 16:00:00,107.63,55.29,391.39,0,0,-25317.52
2015-05-04 16:00:00,106.57,55.31,60.93,0,0,-25317.52
2015-05-05 16:00:00,108.21,55.63,792.21,0,0,-25317.52
2015-05-06 16:00:00,99.91,54.67,0,-2407.15,0,0
2015-05-07 16:00:00,98.02,54.22,0,-1127.38,0,0
2015-05-08 16:00:00,94.4,53.72,0,-1249.26,0,0
2015-05-11 16:00:00,98.24,54.24,1310.2,0,0,0
2015-05-12 16:00:00,103.98,55.02,1950.07,0,0,0
2015-05-13 16:00:00,106.46,55.36,853.14,0,0,0
2015-05-14 16:00:00,105.2,55.3,0,-152.35,0,0
2015-05-15 16:00:00,104.43,55.31,30.46,0,0,0
2015-05-18 16:00:00,100.81,54.96,0,-883.64,0,0
2015-05-19 16:00:00,98.97,54.95,0,-30.49,0,0
2015-05-20 16:00:00,105.75,55.64,1736.8,0,0,0
2015-05-21 16:00:00,106.78,55.97,822.67,0,0,0
2015-05-22 16:00:00,110.53,56.68,1767.23,0,0,0
2015-05-25 16:00:00,115.33,57.26,1462.57,0,0,0
2015-05-26 16:00:00,121.77,58,1828.2,0,0,0
2015-05-27 16:00:00,126.09,58.56,1401.61,0,0,0
2015-05-28 16:00:00,125.33,58.65,243.74,0,0,0
2015-05-29 16:00:00,110.22,57.02,0,-4082.99,0,0
2015-06-01 16:00:00,110.52,57.06,91.41,0,0,0
2015-06-02 16:00:00,120.76,58.42,3412.62,0,0,0
2015-06-03 16:00:00,124.48,59.15,1828.16,0,0,0
2015-06-04 16:00:00,123.69,59.21,152.35,0,0,0
2015-06-05 16:00:00,125.33,59.45,578.93,0,0,0
2015-06-08 16:00:00,127.47,59.93,1218.79,0,0,0
2015-06-09 16:00:00,132.83,60.45,1279.76,0,0,0
2015-06-10 16:00:00,131.25,60.42,0,-60.96,0,0
2015-06-11 16:00:00,130.89,60.28,0,-362.12,0,-72422.44
2015-06-12 16:00:00,130.78,60.28,0.01,0,0,-72422.44
2015-06-15 16:00:00,132.02,60.28,0.06,0,0,-72422.44
2015-06-16 16:00:00,127.06,60.28,0,-0.06,0,0
2015-06-17 16:00:00,120.26,60.28,0,-0.14,0,0
2015-06-18 16:00:00,123.48,60.28,0.07,0,0,0
2015-06-19 16:00:00,114.42,60.28,0,-0.13,0,0
2015-06-23 16:00:00,101.66,60.28,0,-0.27,0,0
2015-06-24 16:00:00,108.14,60.28,0.12,0,0,0
2015-06-25 16:00:00,112.23,60.28,0.1,0,0,0
2015-06-26 16:00:00,104.68,60.28,0,-0.13,0,0
2015-06-29 16:00:00,88.57,60.28,0,-0.29,0,0
2015-06-30 16:00:00,82.28,60.28,0,-0.09,0,0
2015-07-01 16:00:00,94.52,60.28,0.21,0,0,0
2015-07-02 16:00:00,84.96,60.28,0,-0.19,0,0
2015-07-03 16:00:00,78.65,60.28,0,-0.15,0,0
2015-07-06 16:00:00,68.99,60.28,0,-0.23,0,0
2015-07-07 16:00:00,73.89,60.28,0.08,0,0,0
2015-07-08 16:00:00,70.82,60.28,0,-0.08,0,0
2015-07-09 16:00:00,59.3,60.28,0,-0.21,0,0
2015-07-10 16:00:00,69.5,60.28,0.21,0,0,0
2015-07-13 16:00:00,78.59,60.28,0.18,0,0,0
2015-07-14 16:00:00,83.17,60.28,0.11,0,0,0
2015-07-15 16:00:00,78.83,60.28,0,-0.08,0,0
2015-07-16 16:00:00,72.51,60.28,0,-0.14,0,0
2015-07-17 16:00:00,73.84,60.28,0.03,0,0,0
2015-07-20 16:00:00,80.54,60.28,0.13,0,0,0
2015-07-21 16:00:00,80.94,60.28,0.01,0,0,0
2015-07-22 16:00:00,81.17,60.28,0.01,0,0,0
2015-07-23 16:00:00,80.79,60.28,0,0,0,0
2015-07-24 16:00:00,84.86,60.28,0.08,0,0,0
2015-07-27 16:00:00,81.62,60.28,0,-0.06,0,0
2015-07-28 16:00:00,66.07,60.28,0,-0.3,0,0
2015-07-29 16:00:00,65.74,60.28,0,-0.01,0,0
2015-07-30 16:00:00,70.93,60.28,0.11,0,0,0
2015-07-31 16:00:00,65.93,60.28,0,-0.1,0,0
2015-08-03 16:00:00,65.98,60.28,0.01,0,0,0
2015-08-04 16:00:00,66.53,60.28,0.03,0,0,0
2015-08-05 16:00:00,71.7,60.28,0.1,0,0,0
2015-08-06 16:00:00,68.17,60.28,0,-0.05,0,0
2015-08-07 16:00:00,66.64,60.28,0,-0.03,0,0
2015-08-10 16:00:00,69.91,60.28,0.06,0,0,0
2015-08-11 16:00:00,77.62,60.28,0.14,0,0,0
2015-08-12 16:00:00,76.85,60.28,0,0,0,0
2015-08-13 16:00:00,74.66,60.28,0,-0.05,0,0
2015-08-14 16:00:00,77.24,60.28,0.06,0,0,0
2015-08-17 16:00:00,77.15,60.28,0,0,0,0
2015-08-18 16:00:00,77.34,60.28,0.02,0,0,0
2015-08-19 16:00:00,66.36,60.28,0,-0.23,0,0
2015-08-20 16:00:00,69,60.28,0.05,0,0,0
2015-08-21 16:00:00,63.58,60.28,0,-0.11,0,0
2015-08-24 16:00:00,56.1,60.28,0,-0.15,0,0
2015-08-25 16:00:00,42.45,60.28,0,-0.27,0,0
2015-08-26 16:00:00,32.33,60.28,0,-0.21,0,0
2015-08-27 16:00:00,31.58,60.27,0,-19.25,1135.91,0
2015-08-28 16:00:00,39.41,60.29,58.45,0,0,0
2015-08-31 16:00:00,45.35,60.31,47.95,0,0,0
2015-09-01 16:00:00,46.41,60.31,0,-1.37,0,0
2015-09-02 16:00:00,46.21,60.31,0,-10.19,0,0
2015-09-07 16:00:00,46.37,60.31,4.15,0,0,0
2015-09-08 16:00:00,41.36,60.29,0,-37.75,0,0
2015-09-09 16:00:00,44.99,60.3,31.14,0,0,0
2015-09-10 16:00:00,47.83,60.31,22.66,0,0,0
2015-09-11 16:00:00,46.02,60.31,0,-12.48,0,0
2015-09-14 16:00:00,45.56,60.31,0,-1.7,0,0
2015-09-15 16:00:00,42.69,60.3,0,-29.9,0,0
2015-09-16 16:00:00,37.09,60.28,0,-46.5,0,0
2015-09-17 16:00:00,43.91,60.3,65.64,0,477.97,0
2015-09-18 16:00:00,40.77,60.29,0,-35.74,0,0
2015-09-21 16:00:00,41.39,60.29,9.04,0,0,0
2015-09-22 16:00:00,43.87,60.31,30.38,0,0,0
2015-09-23 16:00:00,45.21,60.31,13.35,0,0,0
2015-09-24 16:00:00,41.9,60.3,0,-31.5,0,0
2015-09-25 16:00:00,42.86,60.3,12.55,0,0,0
2015-09-28 16:00:00,40.55,60.29,0,-23.34,0,0
2015-09-29 16:00:00,41.02,60.3,10.23,0,0,0
2015-09-30 16:00:00,38.24,60.29,0,-28.21,0,0
2015-10-08 16:00:00,39.29,60.29,3.38,0,513.36,0
2015-10-09 16:00:00,43.36,60.31,60.28,0,0,0
2015-10-12 16:00:00,45.26,60.32,24.65,0,0,0
2015-10-13 16:00:00,49.93,60.35,74.74,0,0,0
2015-10-14 16:00:00,49.82,60.35,0,-1.45,0,0
2015-10-15 16:00:00,48.13,60.34,0,-34.46,0,0
2015-10-16 16:00:00,51.64,60.36,59.26,0,0,0
2015-10-19 16:00:00,53.69,60.37,31.19,0,0,0
2015-10-20 16:00:00,53.7,60.38,10.98,0,0,0
2015-10-21 16:00:00,55.59,60.39,24.79,0,0,0
2015-10-22 16:00:00,51.05,60.35,0,-88.65,0,0
2015-10-23 16:00:00,53.28,60.37,39.78,0,0,0
2015-10-26 16:00:00,55.31,60.38,38.4,0,0,0
2015-10-27 16:00:00,56.09,60.39,16.29,0,0,0
2015-10-28 16:00:00,56.25,60.39,3.93,0,0,0
2015-10-29 16:00:00,53.29,60.38,0,-39.85,0,0
2015-10-30 16:00:00,53.66,60.38,7.06,0,0,0
2015-11-02 16:00:00,53.69,60.38,0,-7.05,0,0
2015-11-03 16:00:00,51.16,60.36,0,-37.66,0,0
2015-11-04 16:00:00,50.71,60.36,0,-10.76,0,0
2015-11-05 16:00:00,57.8,60.4,111.58,0,393.59,0
2015-11-06 16:00:00,61.17,60.42,45.63,0,0,0
2015-11-09 16:00:00,64.97,60.44,52.01,0,0,0
2015-11-10 16:00:00,67.01,60.46,41.25,0,0,0
2015-11-11 16:00:00,66.7,60.46,0,-3.25,0,0
2015-11-12 16:00:00,66.72,60.46,7.78,0,0,0
2015-11-13 16:00:00,65.05,60.45,0,-22.06,0,0
2015-11-16 16:00:00,62.92,60.44,0,-31.37,0,0
2015-11-17 16:00:00,63.7,60.45,35.22,0,0,0
2015-11-18 16:00:00,63.45,60.45,3.36,0,0,0
2015-11-19 16:00:00,61.58,60.44,0,-31.27,0,0
2015-11-20 16:00:00,64.17,60.46,44.45,0,0,0
2015-11-23 16:00:00,64.14,60.46,14.93,0,0,0
2015-11-24 16:00:00,63.23,60.46,0,-7.87,0,0
2015-11-25 16:00:00,63.25,60.47,11.25,0,0,0
2015-11-26 16:00:00,64.46,60.48,37.91,0,0,0
2015-11-27 16:00:00,63.49,60.48,0,-13.17,0,0
2015-11-30 16:00:00,54.69,60.42,0,-136.28,0,0
2015-12-01 16:00:00,55.1,60.43,23.18,0,0,0
2015-12-02 16:00:00,56.2,60.43,12.26,0,0,0
2015-12-03 16:00:00,61.86,60.46,64.9,0,0,0
2015-12-04 16:00:00,63.05,60.47,29.13,0,0,0
2015-12-07 16:00:00,59.93,60.45,0,-48.6,0,0
2015-12-08 16:00:00,60.37,60.46,6.45,0,0,0
2015-12-09 16:00:00,57.56,60.43,0,-52.83,0,0
2015-12-10 16:00:00,58.12,60.44,11.86,0,0,0
2015-12-11 16:00:00,57.56,60.44,0,-10.21,0,0
2015-12-14 16:00:00,56.91,60.43,0,-22.98,0,0
2015-12-15 16:00:00,61.4,60.45,53.93,0,0,0
2015-12-16 16:00:00,60.66,60.45,0,-5.08,0,0
2015-12-17 16:00:00,60.27,60.44,0,-3.37,0,0
2015-12-18 16:00:00,63.34,60.47,57.21,0,0,0
2015-12-21 16:00:00,63.86,60.47,6.43,0,0,0
2015-12-22 16:00:00,68.13,60.5,73.33,0,0,0
2015-12-23 16:00:00,68.59,60.5,11.97,0,0,0
2015-12-24 16:00:00,68.14,60.5,0,-5.63,0,0
2015-12-25 16:00:00,66.53,60.49,0,-30.03,0,0
2015-12-28 16:00:00,66.92,60.5,14.82,0,0,0
2015-12-29 16:00:00,62.11,60.47,0,-73.12,0,0
2015-12-30 16:00:00,63.6,60.48,28.19,0,0,0
2015-12-31 16:00:00,63.74,60.48,2.65,0,0,0
2016-01-04 16:00:00,62.26,60.47,0,-23.51,0,0
2016-01-05 16:00:00,50.86,60.39,0,-193.28,0,0
2016-01-06 16:00:00,51.29,60.4,16.03,0,0,0
2016-01-07 16:00:00,53.94,60.42,63.15,0,422.62,0
2016-01-08 16:00:00,43.27,60.34,0,-219.02,0,0
2016-01-11 16:00:00,46.19,60.36,66.49,0,0,0
2016-01-12 16:00:00,38.83,60.3,0,-158.84,0,0
2016-01-13 16:00:00,39.85,60.3,3.06,0,0,0
2016-01-14 16:00:00,37.24,60.27,0,-80.91,924.32,0
2016-01-15 16:00:00,40.1,60.3,75.38,0,0,0
2016-01-18 16:00:00,35.63,60.25,0,-128.57,0,0
2016-01-19 16:00:00,36.15,60.25,8.74,0,0,0
2016-01-20 16:00:00,40.17,60.29,110.63,0,0,0
2016-01-21 16:00:00,38.05,60.26,0,-73.98,915.13,0
2016-01-22 16:00:00,34,60.21,0,-127.26,0,0
2016-01-25 16:00:00,35.4,60.23,45.96,0,0,0
2016-01-26 16:00:00,36.07,60.24,26.16,0,0,0
2016-01-27 16:00:00,27.88,60.13,0,-273.94,0,0
2016-01-28 16:00:00,27.44,60.11,0,-47.07,1162.75,0
2016-01-29 16:00:00,24.11,60.06,0,-135.14,0,0
2016-02-01 16:00:00,28.12,60.12,154.67,0,0,0
2016-02-02 16:00:00,26.16,60.47,872.84,0,0,0
2016-02-03 16:00:00,28.78,60.13,0,-840.75,0,0
2016-02-04 16:00:00,28.23,60.12,0,-40.73,1132.54,0
2016-02-05 16:00:00,29.8,60.14,64.72,0,0,0
2016-02-15 16:00:00,28.89,60.14,0,-21.18,0,0
2016-02-16 16:00:00,28.15,60.12,0,-43.23,0,0
2016-02-17 16:00:00,32.08,60.19,168.92,0,0,0
2016-02-18 16:00:00,33.22,60.2,40.16,0,1084.76,0
2016-02-19 16:00:00,32.8,60.2,0,-9.35,0,0
2016-02-22 16:00:00,32.71,60.19,0,-15.01,0,0
2016-02-23 16:00:00,35.63,60.26,156.41,0,0,0
2016-02-24 16:00:00,34.35,60.23,0,-60.63,0,0
2016-02-25 16:00:00,35.23,60.25,50.07,0,997.85,0
2016-02-26 16:00:00,26.93,60.07,0,-463.87,0,0
2016-02-29 16:00:00,28.21,60.1,78.37,0,0,0
2016-03-01 16:00:00,25.14,60.04,0,-142.12,0,0
2016-03-02 16:00:00,27.45,60.09,125.52,0,0,0
2016-03-03 16:00:00,32.7,60.23,342.78,0,1092.62,0
2016-03-04 16:00:00,33.01,60.23,11.43,0,0,0
2016-03-07 16:00:00,34.55,60.27,105.35,0,0,0
2016-03-08 16:00:00,35.02,60.29,35.07,0,0,0
2016-03-09 16:00:00,35.15,60.29,0,-1.69,0,0
2016-03-10 16:00:00,33.59,60.24,0,-109.41,845.84,0
2016-03-11 16:00:00,31.04,60.18,0,-159.89,0,0
2016-03-14 16:00:00,31.26,60.18,0,-5.04,0,0
2016-03-15 16:00:00,33.32,60.23,134.25,0,0,0
2016-03-16 16:00:00,33.72,60.25,45.17,0,0,0
2016-03-17 16:00:00,34.38,60.28,66.57,0,874.76,0
2016-03-18 16:00:00,35.87,60.3,71.01,0,0,0
2016-03-21 16:00:00,37.94,60.36,134.61,0,0,0
2016-03-22 16:00:00,41.31,60.44,193.59,0,0,0
2016-03-23 16:00:00,40.28,60.41,0,-62.68,0,0
2016-03-24 16:00:00,40.73,60.41,0,-6.95,456.48,0
2016-03-25 16:00:00,38.37,60.34,0,-165.95,0,0
2016-03-28 16:00:00,39.07,60.37,79.74,0,0,0
2016-03-29 16:00:00,37.85,60.34,0,-79.08,0,0
2016-03-30 16:00:00,36.35,60.3,0,-106.32,0,0
2016-03-31 16:00:00,39.87,60.41,272.8,0,851.85,0
2016-04-01 16:00:00,39.95,60.41,1.34,0,0,0
2016-04-05 16:00:00,40.12,60.42,36.93,0,0,0
2016-04-06 16:00:00,41.97,60.48,151.38,0,0,0
2016-04-07 16:00:00,41.66,60.47,0,-31.33,451.48,0
2016-04-08 16:00:00,39.57,60.4,0,-175.76,0,0
2016-04-11 16:00:00,38.54,60.37,0,-68.94,0,0
2016-04-12 16:00:00,40.47,60.45,182.36,0,0,0
2016-04-13 16:00:00,39.97,60.44,0,-24.69,0,0
2016-04-14 16:00:00,41.83,60.5,153.25,0,756.44,0
2016-04-15 16:00:00,42.46,60.52,55.52,0,0,0
2016-04-18 16:00:00,42.3,60.51,0,-15.72,0,0
2016-04-19 16:00:00,40.4,60.46,0,-143.88,0,0
2016-04-20 16:00:00,40.83,60.47,36.42,0,0,0
2016-04-21 16:00:00,38.34,60.37,0,-264.18,770.74,0
2016-04-22 16:00:00,37.45,60.34,0,-65.83,0,0
2016-04-25 16:00:00,38.07,60.38,91.43,0,0,0
2016-04-26 16:00:00,37.51,60.37,0,-7.26,0,0
2016-04-27 16:00:00,38.26,60.4,63.99,0,0,0
2016-04-28 16:00:00,37.68,60.37,0,-58.26,790.64,0
2016-04-29 16:00:00,37.45,60.37,0,-7.71,0,0
2016-05-03 16:00:00,37.28,60.36,0,-19.25,0,0
2016-05-04 16:00:00,39.75,60.46,229.16,0,0,0
2016-05-05 16:00:00,39.57,60.44,0,-34.72,692.4,0
2016-05-06 16:00:00,39.77,60.44,0,0,0,0
2016-05-09 16:00:00,36.13,60.28,0,-394.02,0,0
2016-05-10 16:00:00,33.32,60.16,0,-311.67,0,0
2016-05-11 16:00:00,33.47,60.17,32.24,0,0,0
2016-05-12 16:00:00,34.07,60.21,92.39,0,910.67,0
2016-05-13 16:00:00,34.39,60.22,36.17,0,0,0
2016-05-16 16:00:00,33.72,60.2,0,-51.06,0,0
2016-05-17 16:00:00,34.61,60.23,78.56,0,0,0
2016-05-18 16:00:00,34.21,60.21,0,-59.53,0,0
2016-05-19 16:00:00,33.42,60.15,0,-162.14,867.91,0
2016-05-20 16:00:00,33.18,60.14,0,-20.31,0,0
2016-05-23 16:00:00,33.87,60.17,71.51,0,0,0
2016-05-24 16:00:00,34.26,60.19,60.08,0,0,0
2016-05-25 16:00:00,33.23,60.14,0,-134.13,0,0
2016-05-26 16:00:00,33.04,60.14,3.16,0,871.64,0
2016-05-27 16:00:00,33.26,60.14,16.44,0,0,0
2016-05-30 16:00:00,33.18,60.15,18.6,0,0,0
2016-05-31 16:00:00,33.37,60.17,37.84,0,0,0
2016-06-01 16:00:00,37.84,60.37,504.61,0,0,0
2016-06-02 16:00:00,37.45,60.35,0,-47.67,704.14,0
2016-06-03 16:00:00,37.73,60.36,36.36,0,0,0
2016-06-06 16:00:00,38.7,60.41,121.59,0,0,0
2016-06-07 16:00:00,38.24,60.4,0,-24.44,0,0
2016-06-08 16:00:00,38.17,60.4,0,-9.66,0,0
2016-06-13 16:00:00,37.6,60.37,0,-74.09,726.19,0
2016-06-14 16:00:00,33.35,60.17,0,-504.24,0,0
2016-06-15 16:00:00,33.77,60.2,78.34,0,0,0
2016-06-16 16:00:00,35.53,60.29,236.7,0,766.05,0
2016-06-17 16:00:00,34.58,60.25,0,-122.95,0,0
2016-06-20 16:00:00,35.26,60.31,162.11,0,0,0
2016-06-21 16:00:00,35.37,60.32,26.29,0,0,0
2016-06-22 16:00:00,35.09,60.3,0,-49.56,0,0
2016-06-23 16:00:00,36.29,60.36,156.62,0,730.88,0
2016-06-24 16:00:00,35.57,60.32,0,-105.68,0,0
2016-06-27 16:00:00,33.82,60.23,0,-219.58,0,0
2016-06-28 16:00:00,35.71,60.33,235.48,0,0,0
2016-06-29 16:00:00,36.4,60.36,78.49,0,0,0
2016-06-30 16:00:00,37.05,60.4,103.36,0,785.85,0
2016-07-01 16:00:00,37.16,60.41,30.82,0,0,0
2016-07-04 16:00:00,37.17,60.44,58.99,0,0,0
2016-07-05 16:00:00,39.37,60.58,359.22,0,0,0
2016-07-06 16:00:00,39.48,60.61,70.13,0,0,0
2016-07-07 16:00:00,39.89,60.64,73.93,0,630.43,0
2016-07-08 16:00:00,39.6,60.62,0,-40.38,0,0
2016-07-11 16:00:00,38.83,60.59,0,-69.28,0,0
2016-07-12 16:00:00,39.31,60.62,72.05,0,0,0
2016-07-13 16:00:00,42.35,60.83,527.71,0,0,0
2016-07-14 16:00:00,42.77,60.88,111.19,0,408.64,0
2016-07-15 16:00:00,42.5,60.85,0,-64.61,0,0
2016-07-18 16:00:00,42.48,60.89,85.11,0,0,0
2016-07-19 16:00:00,41.86,60.9,26.67,0,0,0
2016-07-20 16:00:00,41.26,60.84,0,-140.46,0,0
2016-07-21 16:00:00,40.8,60.81,0,-81.12,425.94,0
2016-07-22 16:00:00,41.45,60.87,149.26,0,0,0
2016-07-25 16:00:00,40.26,60.78,0,-223.89,0,0
2016-07-26 16:00:00,40.51,60.8,57.21,0,0,0
2016-07-27 16:00:00,42.19,60.92,307.23,0,0,0
2016-07-28 16:00:00,39.96,60.82,0,-248.99,416.05,0
2016-07-29 16:00:00,40.08,60.91,212.78,0,0,0
2016-08-01 16:00:00,39.33,60.9,0,-29.86,0,0
2016-08-02 16:00:00,38.15,60.84,0,-146.83,0,0
2016-08-03 16:00:00,38.69,60.87,79.64,0,0,0
2016-08-04 16:00:00,38.88,60.89,40.88,0,399.26,0
2016-08-05 16:00:00,39.22,60.9,30.17,0,0,0
2016-08-08 16:00:00,39.39,60.93,81.79,0,0,0
2016-08-09 16:00:00,40.65,61.02,213.97,0,0,0
2016-08-10 16:00:00,41.64,61.08,150.21,0,0,0
2016-08-11 16:00:00,41.05,61.03,0,-118.13,344.32,0
2016-08-12 16:00:00,40.61,61.02,0,-34.62,0,0
2016-08-15 16:00:00,43.26,61.22,503.92,0,0,0
2016-08-16 16:00:00,47.57,61.48,660.36,0,0,0
2016-08-17 16:00:00,46.91,61.43,0,-134.71,0,0
2016-08-18 16:00:00,46.69,61.42,0,-21.83,0,0
2016-08-19 16:00:00,46.32,61.39,0,-78.16,0,0
2016-08-22 16:00:00,46.34,61.39,8.6,0,0,0
2016-08-23 16:00:00,45.11,61.33,0,-143.32,0,0
2016-08-24 16:00:00,45.33,61.34,21.72,0,0,0
2016-08-25 16:00:00,44.81,61.31,0,-95.58,0,0
2016-08-26 16:00:00,43.9,61.26,0,-113,0,0
2016-08-29 16:00:00,43.82,61.25,0,-21.72,0,0
2016-08-30 16:00:00,43.85,61.24,0,-39.13,0,0
2016-08-31 16:00:00,44.03,61.26,65.15,0,0,0
2016-09-01 16:00:00,44.72,61.32,134.72,0,0,0
2016-09-02 16:00:00,43.58,61.23,0,-221.48,0,0
2016-09-05 16:00:00,44.13,61.25,60.85,0,0,0
2016-09-06 16:00:00,44.37,61.28,65.05,0,0,0
2016-09-07 16:00:00,45.37,61.34,151.92,0,0,0
2016-09-08 16:00:00,45.29,61.35,30.42,0,0,0
2016-09-09 16:00:00,45.23,61.35,4.3,0,0,0
2016-09-12 16:00:00,44.3,61.29,0,-156.33,0,0
2016-09-13 16:00:00,41.89,61.13,0,-395.12,0,0
2016-09-14 16:00:00,41.79,61.13,8.6,0,0,0
2016-09-19 16:00:00,40.85,61.05,0,-223.32,270.37,0
2016-09-20 16:00:00,41.91,61.13,201.79,0,0,0
2016-09-21 16:00:00,41.66,61.13,17.71,0,0,0
2016-09-22 16:00:00,42.06,61.15,49,0,258.48,0
2016-09-23 16:00:00,43.13,61.24,216.44,0,0,0
2016-09-26 16:00:00,42.45,61.19,0,-132.68,0,0
2016-09-27 16:00:00,40.05,61.04,0,-363.22,0,0
2016-09-28 16:00:00,40.94,61.11,172.9,0,0,0
2016-09-29 16:00:00,40.51,61.09,0,-57.26,258.28,0
2016-09-30 16:00:00,41.09,61.13,97.94,0,0,0
2016-10-10 16:00:00,41.48,61.16,71.81,0,0,0
2016-10-11 16:00:00,43.25,61.28,313.37,0,0,0
2016-10-12 16:00:00,43.8,61.31,63.11,0,0,0
2016-10-13 16:00:00,43.51,61.29,0,-44.61,0,0
2016-10-14 16:00:00,43.63,61.3,18.49,0,0,0
2016-10-17 16:00:00,43.77,61.3,12.53,0,0,0
2016-10-18 16:00:00,42.55,61.22,0,-209.48,0,0
2016-10-19 16:00:00,44.44,61.34,317.2,0,0,0
2016-10-20 16:00:00,44.22,61.33,0,-35.91,0,0
2016-10-21 16:00:00,44.32,61.34,31.02,0,0,0
2016-10-24 16:00:00,44.72,61.39,120.24,0,0,0
2016-10-25 16:00:00,46.45,61.51,290,0,0,0
2016-10-26 16:00:00,46.45,61.53,68,0,0,0
2016-10-27 16:00:00,45.9,61.48,0,-143.62,0,0
2016-10-28 16:00:00,45.5,61.44,0,-84.34,0,0
2016-10-31 16:00:00,45.26,61.42,0,-59.29,0,0
2016-11-01 16:00:00,45.09,61.42,0,0,0,0
2016-11-02 16:00:00,46.08,61.49,178.46,0,0,0
2016-11-03 16:00:00,44.96,61.38,0,-276.2,146.76,0
2016-11-04 16:00:00,46.34,61.46,214.15,0,0,0
2016-11-07 16:00:00,45.87,61.44,0,-58.53,0,0
2016-11-08 16:00:00,45.97,61.46,36.12,0,0,0
2016-11-09 16:00:00,46.6,61.5,108.36,0,0,0
2016-11-10 16:00:00,45.82,61.44,0,-142.13,130.66,0
2016-11-11 16:00:00,47.45,61.57,320.22,0,0,0
2016-11-14 16:00:00,48.61,61.62,112.55,0,0,0
2016-11-15 16:00:00,49.18,61.63,26.13,0,0,0
2016-11-16 16:00:00,49.16,61.63,13.8,0,0,0
2016-11-17 16:00:00,49.15,61.62,0,-23.58,67.04,0
2016-11-18 16:00:00,49.45,61.67,126.63,0,0,0
2016-11-21 16:00:00,48.62,61.64,0,-90.23,0,0
2016-11-22 16:00:00,49.65,61.73,234.28,0,0,0
2016-11-23 16:00:00,50.83,61.81,203.02,0,0,0
2016-11-24 16:00:00,51.11,61.87,152.76,0,0,0
2016-11-25 16:00:00,51.72,61.93,152.76,0,0,0
2016-11-28 16:00:00,53.14,62.05,279.39,0,0,0
2016-11-29 16:00:00,53.74,62.11,154.33,0,0,0
2016-11-30 16:00:00,54.99,62.19,210.14,0,0,0
2016-12-01 16:00:00,53.86,62.08,0,-267.11,0,0
2016-12-02 16:00:00,55.04,62.2,289.68,0,0,0
2016-12-05 16:00:00,53.47,62.09,0,-267.12,0,0
2016-12-06 16:00:00,50.88,61.91,0,-449.58,0,0
2016-12-07 16:00:00,50.43,61.88,0,-76.38,0,0
2016-12-08 16:00:00,51.16,61.92,105.65,0,0,0
2016-12-09 16:00:00,50.91,61.93,3.57,0,0,0
2016-12-12 16:00:00,51.94,62.03,269.11,0,0,0
2016-12-13 16:00:00,48.26,61.79,0,-613.77,0,0
2016-12-14 16:00:00,48.08,61.76,0,-71.23,0,0
2016-12-15 16:00:00,46.95,61.68,0,-203.01,0,0
2016-12-16 16:00:00,45.27,61.52,0,-399.31,0,0
2016-12-19 16:00:00,45.51,61.55,69.24,0,0,0
2016-12-20 16:00:00,44.77,61.51,0,-79.95,0,0
2016-12-21 16:00:00,43.91,61.44,0,-180.46,0,0
2016-12-22 16:00:00,45.19,61.54,253.27,0,0,0
2016-12-23 16:00:00,45.06,61.55,18.99,0,0,0
2016-12-26 16:00:00,43.84,61.46,0,-235.85,0,0
2016-12-27 16:00:00,44.49,61.5,102.51,0,0,0
2016-12-28 16:00:00,44.22,61.49,0,-8.71,0,0
2016-12-29 16:00:00,43.59,61.45,0,-121.49,0,0
2016-12-30 16:00:00,43.41,61.44,0,-22.56,0,0
2017-01-03 16:00:00,43.95,61.49,126.63,0,0,0
2017-01-04 16:00:00,45.35,61.61,294.81,0,0,0
2017-01-05 16:00:00,46.48,61.7,230.71,0,0,0
2017-01-06 16:00:00,46.46,61.71,36.4,0,0,0
2017-01-09 16:00:00,45.59,61.66,0,-121.5,0,0
2017-01-10 16:00:00,46.29,61.72,131.77,0,0,0
2017-01-11 16:00:00,46.05,61.69,0,-58.96,0,0
2017-01-12 16:00:00,45.01,61.6,0,-222,0,0
2017-01-13 16:00:00,44.28,61.54,0,-168.18,0,0
2017-01-16 16:00:00,44.38,61.57,79.94,0,0,0
2017-01-17 16:00:00,44.36,63.27,4246.45,0,0,0
2017-01-18 16:00:00,44.66,61.62,0,-4126.53,0,0
2017-01-19 16:00:00,45.22,61.69,175.32,0,0,0
2017-01-20 16:00:00,44.79,61.66,0,-76.38,0,0
2017-01-23 16:00:00,45.9,61.73,185.6,0,0,0
2017-01-24 16:00:00,46.3,61.74,13.86,0,0,0
2017-01-25 16:00:00,46.31,61.77,90.23,0,0,0
2017-01-26 16:00:00,46.81,61.8,62.53,0,0,0
2017-02-03 16:00:00,47.34,61.82,58.97,0,0,0
2017-02-06 16:00:00,46.32,61.75,0,-184.03,0,0
2017-02-07 16:00:00,46.7,61.77,58.96,0,0,0
2017-02-08 16:00:00,46.37,61.76,0,-26.12,0,0
2017-02-09 16:00:00,47.13,61.79,67.68,0,0,0
2017-02-10 16:00:00,47.7,61.84,121.49,0,0,0
2017-02-13 16:00:00,48.45,61.91,175.32,0,0,0
2017-02-14 16:00:00,49.44,61.97,166.62,0,0,0
2017-02-15 16:00:00,49.42,61.96,0,-27.69,0,0
2017-02-16 16:00:00,48.8,61.95,0,-36.41,0,0
2017-02-17 16:00:00,49.64,61.99,112.79,0,0,0
2017-02-20 16:00:00,48.79,61.93,0,-152.76,0,0
2017-02-21 16:00:00,50.97,62.11,446.01,0,0,0
2017-02-22 16:00:00,51.46,62.12,36.41,0,0,0
2017-02-23 16:00:00,51.76,62.18,131.77,0,0,0
2017-02-24 16:00:00,51.05,62.12,0,-130.21,0,0
2017-02-27 16:00:00,51.07,62.11,0,-36.41,0,0
2017-02-28 16:00:00,49.87,62.03,0,-206.59,0,0
2017-03-01 16:00:00,50.16,62.05,58.97,0,0,0
2017-03-02 16:00:00,50.4,62.07,45.12,0,0,0
2017-03-03 16:00:00,49.39,62.01,0,-156.33,0,0
2017-03-06 16:00:00,49.07,62,0,-17.42,0,0
2017-03-07 16:00:00,49.88,62.05,131.78,0,0,0
2017-03-08 16:00:00,50.21,62.07,53.82,0,0,0
2017-03-09 16:00:00,49.98,62.06,0,-32.84,0,0
2017-03-10 16:00:00,49.03,62,0,-157.9,0,0
2017-03-13 16:00:00,49.07,62.01,36.41,0,0,0
2017-03-14 16:00:00,50.39,62.1,216.87,0,0,0
2017-03-15 16:00:00,50.33,62.11,17.42,0,0,0
2017-03-16 16:00:00,50.63,62.13,67.67,0,0,0
2017-03-17 16:00:00,51.41,62.17,81.52,0,0,0
2017-03-20 16:00:00,49.85,62.07,0,-234.28,0,0
2017-03-21 16:00:00,50.02,62.1,58.96,0,0,0
2017-03-22 16:00:00,50.75,62.18,216.86,0,0,0
2017-03-23 16:00:00,50.04,62.13,0,-121.49,0,0
2017-03-24 16:00:00,50.56,62.16,71.25,0,0,0
2017-03-27 16:00:00,51.76,62.25,225.57,0,0,0
2017-03-28 16:00:00,51.25,62.22,0,-71.25,0,0
2017-03-29 16:00:00,50.9,62.19,0,-81.52,0,0
2017-03-30 16:00:00,50.7,62.18,0,-27.7,0,0
2017-03-31 16:00:00,49.46,62.12,0,-163.05,0,0
2017-04-05 16:00:00,50.3,62.18,171.75,0,0,0
2017-04-06 16:00:00,52.38,62.32,329.65,0,0,0
2017-04-07 16:00:00,52.82,62.36,107.65,0,0,0
2017-04-10 16:00:00,52.97,62.37,27.7,0,0,0
2017-04-11 16:00:00,52.43,62.37,0,-3.57,0,0
2017-04-12 16:00:00,52.96,62.4,72.81,0,0,0
2017-04-13 16:00:00,52.62,62.38,0,-45.12,0,0
2017-04-14 16:00:00,52.84,62.41,88.23,0,0,0
2017-04-17 16:00:00,51.62,62.32,0,-244.57,0,0
2017-04-18 16:00:00,51.34,62.28,0,-96.94,0,0
2017-04-19 16:00:00,50.59,62.25,0,-62.53,0,0
2017-04-20 16:00:00,49.86,62.22,0,-76.38,0,0
2017-04-21 16:00:00,50.54,62.27,107.65,0,0,0
2017-04-24 16:00:00,50.77,62.28,39.97,0,0,0
2017-04-25 16:00:00,49.22,62.17,0,-267.13,0,0
2017-04-26 16:00:00,49.64,62.21,98.95,0,0,0
2017-04-27 16:00:00,49.83,62.21,0.01,0,0,0
2017-04-28 16:00:00,49.89,62.19,0,-50.25,0,0
2017-05-02 16:00:00,49.59,62.15,0,-98.94,0,0
2017-05-03 16:00:00,49.02,62.12,0,-90.23,0,0
2017-05-04 16:00:00,48.43,62.08,0,-90.23,0,0
2017-05-05 16:00:00,48.05,62.06,0,-45.12,0,0
2017-05-08 16:00:00,47.1,62.02,0,-100.52,0,0
2017-05-09 16:00:00,46.07,61.96,0,-168.19,0,0
2017-05-10 16:00:00,45.8,61.94,0,-34.83,0,0
2017-05-11 16:00:00,45.15,61.91,0,-84.66,0,0
2017-05-12 16:00:00,45.98,61.98,187.6,0,0,0
2017-05-15 16:00:00,47.23,62.08,250.13,0,0,0
2017-05-16 16:00:00,47.83,62.13,109.22,0,0,0
2017-05-17 16:00:00,49.11,62.22,223.58,0,0,0
2017-05-18 16:00:00,48.29,62.16,0,-142.48,0,0
2017-05-19 16:00:00,47.78,62.14,0,-50.26,0,0
2017-05-22 16:00:00,48.03,62.18,104.08,0,0,0
2017-05-23 16:00:00,48.35,62.19,28.12,0,0,0
2017-05-24 16:00:00,48.91,62.26,158.32,0,0,0
2017-05-25 16:00:00,48.91,62.25,0,-17.42,0,0
2017-05-26 16:00:00,51.59,62.41,410.03,0,0,0
2017-05-31 16:00:00,51.36,62.43,36.4,0,0,0
2017-06-01 16:00:00,51.9,62.46,79.95,0,0,0
2017-06-02 16:00:00,52.11,62.47,14.27,0,0,0
2017-06-05 16:00:00,51.62,62.45,0,-41.97,0,0
2017-06-06 16:00:00,50.85,62.39,0,-151.19,0,0
2017-06-07 16:00:00,51.9,62.46,178.89,0,0,0
2017-06-08 16:00:00,53.68,62.58,312.24,0,0,0
2017-06-09 16:00:00,54.86,62.69,260.41,0,0,0
2017-06-12 16:00:00,55.52,62.74,125.07,0,0,0
2017-06-13 16:00:00,55.44,62.77,76.38,0,0,0
2017-06-14 16:00:00,55.79,62.79,46.69,0,0,0
2017-06-15 16:00:00,53.74,62.66,0,-317.8,0,0
2017-06-16 16:00:00,53.46,62.62,0,-102.5,0,0
2017-06-19 16:00:00,53.03,62.59,0,-81.52,0,0
2017-06-20 16:00:00,54.54,62.68,241.42,0,0,0
2017-06-21 16:00:00,54.23,62.67,0,-26.13,0,0
2017-06-22 16:00:00,56.03,62.8,319.37,0,0,0
2017-06-23 16:00:00,56.14,62.82,55.82,0,0,0
2017-06-26 16:00:00,57.55,62.93,269.12,0,0,0
2017-06-27 16:00:00,59.52,63.07,338.37,0,0,0
2017-06-28 16:00:00,59.81,63.1,71.24,0,0,0
2017-06-29 16:00:00,58.57,63.03,0,-161.47,0,0
2017-06-30 16:00:00,59.55,63.1,161.47,0,0,0
2017-07-03 16:00:00,59.46,63.11,27.7,0,0,0
2017-07-04 16:00:00,58.77,63.07,0,-92.23,0,0
2017-07-05 16:00:00,57.43,62.99,0,-210.16,0,0
2017-07-06 16:00:00,59.15,63.11,303.96,0,0,0
2017-07-07 16:00:00,59.17,63.12,31.27,0,0,0
2017-07-10 16:00:00,58.99,63.13,15.42,0,0,0
2017-07-11 16:00:00,58.89,63.12,0,-10.28,0,0
2017-07-12 16:00:00,59.64,63.21,226,0,0,0
2017-07-13 16:00:00,59.12,63.18,0,-81.52,0,0
2017-07-14 16:00:00,60.34,63.25,177.32,0,0,0
2017-07-17 16:00:00,61.04,63.33,210.15,0,0,0
2017-07-18 16:00:00,59.32,63.27,0,-162.63,0,0
2017-07-19 16:00:00,59.48,63.28,19,0,0,0
2017-07-20 16:00:00,62.2,63.33,144.96,0,0,-12556.94
2017-07-21 16:00:00,62.99,63.38,124.64,0,0,-12556.94
2017-07-24 16:00:00,62.15,63.37,0,-41.55,0,-12556.94
2017-07-25 16:00:00,62.8,63.41,96.94,0,0,0
2017-07-26 16:00:00,61.76,63.38,0,-69.25,0,0
2017-07-27 16:00:00,61.14,63.35,0,-83.1,0,0
2017-07-28 16:00:00,61.44,63.34,0,-13.85,0,0
2017-07-31 16:00:00,61.86,63.37,69.25,0,0,0
2017-08-01 16:00:00,62.55,63.4,69.25,0,0,0
2017-08-02 16:00:00,63.97,63.43,83.11,0,0,0
2017-08-03 16:00:00,63.55,63.4,0,-69.24,0,0
2017-08-04 16:00:00,62.12,63.36,0,-110.8,0,0
2017-08-07 16:00:00,61.24,63.33,0,-69.25,0,0
2017-08-08 16:00:00,62.07,63.38,124.64,0,0,0
2017-08-09 16:00:00,62.31,63.38,0,0,0,0
2017-08-10 16:00:00,62.26,63.4,41.55,0,0,0
2017-08-11 16:00:00,61.6,63.37,0,-69.25,0,0
2017-08-14 16:00:00,58.62,63.26,0,-277,0,0
2017-08-15 16:00:00,60.68,63.31,124.65,0,0,0
2017-08-16 16:00:00,61.17,63.34,83.09,0,0,0
2017-08-17 16:00:00,60.97,63.32,0,-41.55,0,0
2017-08-18 16:00:00,61.83,63.35,69.25,0,0,0
2017-08-21 16:00:00,61.98,63.36,27.7,0,0,0
2017-08-22 16:00:00,62.69,63.39,69.25,0,0,0
2017-08-23 16:00:00,63.18,63.39,0.01,0,0,0
2017-08-24 16:00:00,63.35,63.38,0,-13.85,0,0
2017-08-25 16:00:00,62.41,63.37,0,-27.7,0,0
2017-08-28 16:00:00,65.07,63.45,193.9,0,0,0
2017-08-29 16:00:00,67.11,63.5,124.66,0,0,0
2017-08-30 16:00:00,66.76,63.51,13.85,0,0,0
2017-08-31 16:00:00,66.75,63.47,0,-88.83,0,-17765.7
2017-09-01 16:00:00,66.22,63.47,0,-0.01,0,-17765.7
2017-09-04 16:00:00,66.58,63.47,0.01,0,0,-17765.7
2017-09-05 16:00:00,67.24,63.47,0.01,0,0,0
2017-09-06 16:00:00,67.74,63.47,0.01,0,0,0
2017-09-07 16:00:00,67.41,63.47,0,-0.01,0,0
2017-09-08 16:00:00,66.56,63.47,0,-0.01,0,0
2017-09-11 16:00:00,66.39,63.47,0,0,0,0
2017-09-12 16:00:00,66.37,63.47,0,0,0,0
2017-09-13 16:00:00,66.91,63.47,0.01,0,0,0
2017-09-14 16:00:00,67.11,63.47,0.01,0,0,0
2017-09-15 16:00:00,66.56,63.47,0,0,0,0
2017-09-18 16:00:00,66.62,63.47,0,0,0,0
2017-09-19 16:00:00,67.13,63.47,0,0,0,0
2017-09-20 16:00:00,66.65,63.47,0,-0.01,0,0
2017-09-21 16:00:00,67.1,63.47,0.02,0,0,0
2017-09-22 16:00:00,66.9,63.47,0,0,0,0
2017-09-25 16:00:00,66.9,63.47,0,0,0,0
2017-09-26 16:00:00,66.03,63.47,0,-0.02,0,0
2017-09-27 16:00:00,66.16,63.47,0.01,0,0,0
2017-09-28 16:00:00,66.18,63.47,0,0,0,0
2017-09-29 16:00:00,66.24,63.47,0,0,0,0
2017-10-09 16:00:00,66.84,63.47,0.01,0,0,0
2017-10-10 16:00:00,68.83,63.47,0.04,0,0,0
2017-10-11 16:00:00,69.16,63.47,0,0,0,0
2017-10-12 16:00:00,69.72,63.47,0.01,0,0,0
2017-10-13 16:00:00,70.17,63.47,0.01,0,0,0
2017-10-16 16:00:00,70.52,63.47,0.01,0,0,0
2017-10-17 16:00:00,70.19,63.47,0,-0.01,0,0
2017-10-18 16:00:00,70.17,63.47,0,0,0,0
2017-10-19 16:00:00,71.53,63.47,0.02,0,0,0
2017-10-20 16:00:00,70.96,63.47,0,-0.01,0,0
2017-10-23 16:00:00,70.77,63.47,0,0,0,0
2017-10-24 16:00:00,70.94,63.47,0.01,0,0,0
2017-10-25 16:00:00,72.19,63.47,0.03,0,0,0
2017-10-26 16:00:00,72.95,63.47,0.02,0,0,0
2017-10-27 16:00:00,73.67,63.47,0.01,0,0,0
2017-10-30 16:00:00,74.91,63.47,0.02,0,0,0
2017-10-31 16:00:00,74.38,63.47,0,0,0,0
2017-11-01 16:00:00,74.25,63.47,0,0,0,0
2017-11-02 16:00:00,73.81,63.47,0,-0.01,0,0
2017-11-03 16:00:00,73.83,63.47,0,0,0,0
2017-11-06 16:00:00,73.64,63.47,0,-0.02,0,0
2017-11-07 16:00:00,74.86,63.47,0.02,0,0,0
2017-11-08 16:00:00,76.31,63.47,0.03,0,0,0
2017-11-09 16:00:00,76.04,63.47,0,-0.01,0,0
2017-11-10 16:00:00,77.25,63.47,0.03,0,0,0
2017-11-13 16:00:00,78.82,63.47,0.03,0,0,0
2017-11-14 16:00:00,79.52,63.47,0.02,0,0,0
2017-11-15 16:00:00,78.27,63.47,0,-0.02,0,0
2017-11-16 16:00:00,77.16,63.47,0,-0.02,0,0
2017-11-17 16:00:00,78.52,63.47,0.03,0,0,0
2017-11-20 16:00:00,79.21,63.47,0,0,0,0
2017-11-21 16:00:00,80.21,63.47,0.03,0,0,0
2017-11-22 16:00:00,83.42,63.47,0.06,0,0,0
2017-11-23 16:00:00,83.85,63.47,0,0,0,0
2017-11-24 16:00:00,78.41,63.47,0,-0.1,0,0
2017-11-27 16:00:00,78.49,63.47,0.01,0,0,0
2017-11-28 16:00:00,76.13,63.47,0,-0.05,0,0
2017-11-29 16:00:00,76.38,63.47,0,0,0,0
2017-11-30 16:00:00,76.29,63.47,0,0,0,0
2017-12-01 16:00:00,74.22,63.47,0,-0.04,0,0
2017-12-04 16:00:00,73.87,63.47,0,-0.01,0,0
2017-12-05 16:00:00,74.77,63.47,0.02,0,0,0
2017-12-06 16:00:00,75.7,63.47,0.01,0,0,0
2017-12-07 16:00:00,74.64,63.47,0,-0.02,0,0
2017-12-08 16:00:00,72.7,63.47,0,-0.04,0,0
2017-12-11 16:00:00,74.1,63.47,0.03,0,0,0
2017-12-12 16:00:00,76.98,63.47,0.05,0,0,0
2017-12-13 16:00:00,74.65,63.47,0,-0.04,0,0
2017-12-14 16:00:00,76.13,63.47,0.03,0,0,0
2017-12-15 16:00:00,75.09,63.47,0,-0.01,0,0
2017-12-18 16:00:00,73.12,63.47,0,-0.04,0,0
2017-12-19 16:00:00,73.31,63.47,0.01,0,0,0
2017-12-20 16:00:00,75.49,63.47,0.04,0,0,0
2017-12-21 16:00:00,75.28,63.47,0,0,0,0
2017-12-22 16:00:00,76.9,63.47,0.03,0,0,0
2017-12-25 16:00:00,76.33,63.47,0,-0.01,0,0
2017-12-26 16:00:00,75.76,63.47,0,-0.01,0,0
2017-12-27 16:00:00,76.29,63.47,0.01,0,0,0
2017-12-28 16:00:00,73.57,63.47,0,-0.04,0,0
2017-12-29 16:00:00,74.78,63.47,0.02,0,0,0
2018-01-02 16:00:00,75.3,63.47,0.01,0,0,0
2018-01-03 16:00:00,77.75,63.47,0.06,0,0,0
2018-01-04 16:00:00,78.8,63.47,0.01,0,0,0
2018-01-05 16:00:00,79.56,63.47,0.02,0,0,0
2018-01-08 16:00:00,79.99,63.47,0.01,0,0,0
2018-01-09 16:00:00,80.92,63.47,0.02,0,0,0
2018-01-10 16:00:00,82.19,63.47,0.02,0,0,0
2018-01-11 16:00:00,82.99,63.47,0.02,0,0,0
2018-01-12 16:00:00,82.89,63.47,0,-0.01,0,0
2018-01-15 16:00:00,83.74,63.47,0.02,0,0,0
2018-01-16 16:00:00,83.75,63.47,0.02,0,0,0
2018-01-17 16:00:00,85.19,63.47,0.04,0,0,0
2018-01-18 16:00:00,84.74,63.47,0.07,0,0,0
2018-01-19 16:00:00,85.76,63.47,0,-0.07,0,0
2018-01-22 16:00:00,86.37,63.47,0,0,0,0
2018-01-23 16:00:00,88.59,63.47,0.05,0,0,0
2018-01-24 16:00:00,90.59,63.47,0.03,0,0,0
2018-01-25 16:00:00,90.91,63.47,0,-0.01,0,0
2018-01-26 16:00:00,89.83,63.47,0,-0.02,0,0
2018-01-29 16:00:00,90.54,63.47,0.02,0,0,0
2018-01-30 16:00:00,87.09,63.47,0,-0.05,0,0
2018-01-31 16:00:00,85.09,63.47,0,-0.04,0,0
2018-02-01 16:00:00,85.95,63.47,0.02,0,0,0
2018-02-02 16:00:00,84.65,63.47,0,-0.03,0,0
2018-02-05 16:00:00,85.75,63.47,0.03,0,0,0
2018-02-06 16:00:00,85.88,63.47,0.01,0,0,0
2018-02-07 16:00:00,80.43,63.47,0,-0.1,0,0
2018-02-08 16:00:00,76.15,63.47,0,-0.09,0,0
2018-02-09 16:00:00,74.48,63.47,0,-0.03,0,0
2018-02-12 16:00:00,67.02,63.47,0,-0.14,0,0
2018-02-13 16:00:00,69.17,63.47,0.04,0,0,0
2018-02-14 16:00:00,71.15,63.47,0.04,0,0,0
2018-02-22 16:00:00,72.52,63.47,0.03,0,0,0
2018-02-23 16:00:00,76.25,63.47,0.07,0,0,0
2018-02-26 16:00:00,77.05,63.47,0.01,0,0,0
2018-02-27 16:00:00,79.1,63.47,0.03,0,0,0
2018-02-28 16:00:00,76.52,63.47,0,-0.06,0,0
2018-03-01 16:00:00,74.98,63.47,0,-0.02,0,0
2018-03-02 16:00:00,76.09,63.47,0.01,0,0,0
2018-03-05 16:00:00,74.67,63.47,0,-0.02,0,0
2018-03-06 16:00:00,74.74,63.47,0,-0.01,0,0
2018-03-07 16:00:00,76.85,63.47,0.05,0,0,0
2018-03-08 16:00:00,75.55,63.47,0,-0.02,0,0
2018-03-09 16:00:00,77.33,63.47,0.04,0,0,0
2018-03-12 16:00:00,78.69,63.47,0.02,0,0,0
2018-03-13 16:00:00,79.51,63.47,0.01,0,0,0
2018-03-14 16:00:00,77.92,63.47,0,-0.03,0,0
2018-03-15 16:00:00,77.14,63.47,0,-0.01,0,0
2018-03-16 16:00:00,78.14,63.47,0.01,0,0,0
2018-03-19 16:00:00,76.41,63.47,0,-0.02,0,0
2018-03-20 16:00:00,77.18,63.47,0,0,0,0
2018-03-21 16:00:00,77.33,63.47,0,0,0,0
2018-03-22 16:00:00,76.61,63.47,0,-0.01,0,0
2018-03-23 16:00:00,74.84,63.47,0,-0.04,0,0
2018-03-26 16:00:00,69.82,63.47,0,-0.08,0,0
2018-03-27 16:00:00,68.73,63.47,0,-0.03,0,0
2018-03-28 16:00:00,70.18,63.47,0.02,0,0,0
2018-03-29 16:00:00,67.11,63.47,0,-0.05,0,0
2018-03-30 16:00:00,69.35,63.47,0.06,0,0,0
2018-04-02 16:00:00,69.54,63.47,0,-0.01,0,0
2018-04-03 16:00:00,69.04,63.47,0,-0.01,0,0
2018-04-04 16:00:00,67.97,63.47,0,-0.02,0,0
2018-04-09 16:00:00,67.64,63.47,0,0,0,0
2018-04-10 16:00:00,67.56,63.47,0,-0.01,0,0
2018-04-11 16:00:00,70.79,63.47,0.06,0,0,0
2018-04-12 16:00:00,71.27,63.47,0.01,0,0,0
2018-04-13 16:00:00,69.55,63.47,0,-0.03,0,0
2018-04-16 16:00:00,68.35,63.47,0,-0.02,0,0
2018-04-17 16:00:00,65.64,63.47,0,-0.05,0,0
2018-04-18 16:00:00,63.02,63.47,0,-0.04,0,0
2018-04-19 16:00:00,63.79,63.47,0.01,0,0,0
2018-04-20 16:00:00,65.77,63.47,0.04,0,0,0
2018-04-23 16:00:00,63.55,63.47,0,-0.04,0,0
2018-04-24 16:00:00,63.79,63.47,0.01,0,0,0
2018-04-25 16:00:00,67.15,63.47,0.06,0,0,0
2018-04-26 16:00:00,66.5,63.47,0,-0.02,0,0
2018-04-27 16:00:00,63.32,63.47,0,-0.06,0,0
2018-05-02 16:00:00,63.38,63.47,0,0,0,0
2018-05-03 16:00:00,63.68,63.47,0.01,0,0,0
2018-05-04 16:00:00,64.95,63.47,0.02,0,0,0
2018-05-07 16:00:00,64.15,63.47,0,-0.01,0,0
2018-05-08 16:00:00,66.74,63.47,0.05,0,0,0
2018-05-09 16:00:00,68.68,63.47,0.04,0,0,0
2018-05-10 16:00:00,68.37,63.47,0,0,0,0
2018-05-11 16:00:00,69.3,63.47,0.01,0,0,0
2018-05-14 16:00:00,68.42,63.47,0,-0.02,0,0
2018-05-15 16:00:00,70.01,63.47,0.03,0,0,0
2018-05-16 16:00:00,70.65,63.47,0.01,0,0,0
2018-05-17 16:00:00,69.29,63.47,0,-0.02,0,0
2018-05-18 16:00:00,68.04,63.47,0,-0.02,0,0
2018-05-21 16:00:00,69.74,63.47,0.03,0,0,0
2018-05-22 16:00:00,70.53,63.47,0.01,0,0,0
2018-05-23 16:00:00,69.88,63.47,0,-0.01,0,0
2018-05-24 16:00:00,67.63,63.47,0,-0.04,0,0
2018-05-25 16:00:00,66.44,63.47,0,-0.02,0,0
2018-05-28 16:00:00,65.97,63.47,0,0,0,0
2018-05-29 16:00:00,66.7,63.47,0.02,0,0,0
2018-05-30 16:00:00,65.43,63.47,0,-0.02,0,0
2018-05-31 16:00:00,61.92,63.47,0,-0.06,0,0
2018-06-01 16:00:00,65.36,63.47,0.07,0,0,0
2018-06-04 16:00:00,63.98,63.47,0,-0.02,0,0
2018-06-05 16:00:00,65.59,63.47,0.04,0,0,0
2018-06-06 16:00:00,67.23,63.47,0.03,0,0,0
2018-06-07 16:00:00,66.88,63.47,0,-0.01,0,0
2018-06-08 16:00:00,66.6,63.47,0,0,0,0
2018-06-11 16:00:00,64.37,63.47,0,-0.04,0,0
2018-06-12 16:00:00,64.39,63.47,0,0,0,0
2018-06-13 16:00:00,66.38,63.47,0.04,0,0,0
2018-06-14 16:00:00,64.75,63.47,0,-0.02,0,0
2018-06-15 16:00:00,64.1,63.47,0,-0.01,0,0
2018-06-19 16:00:00,63.23,63.47,0,0,0,0
2018-06-20 16:00:00,57.48,63.47,0,-0.1,0,0
2018-06-21 16:00:00,58.1,63.47,0,-0.14,480.25,0
2018-06-22 16:00:00,56.25,63.47,0,-7.69,0,0
2018-06-25 16:00:00,56.95,63.47,7.68,0,0,0
2018-06-26 16:00:00,54.84,63.47,0,-2.51,0,0
2018-06-27 16:00:00,53.56,63.47,1.95,0,0,0
2018-06-28 16:00:00,50.44,63.46,0,-29.11,798.35,0
2018-06-29 16:00:00,48.88,63.45,0,-11.69,0,0
2018-07-02 16:00:00,52.69,63.47,36.14,0,0,0
2018-07-03 16:00:00,48.21,63.46,0,-27.48,0,0
2018-07-04 16:00:00,48.26,63.46,11.01,0,0,0
2018-07-05 16:00:00,46.28,63.44,0,-52.86,1305.29,0
2018-07-06 16:00:00,45.36,63.42,0,-41.75,0,0
2018-07-09 16:00:00,46.34,63.43,6.77,0,0,0
2018-07-10 16:00:00,50.43,63.45,63.12,0,0,0
2018-07-11 16:00:00,50.8,63.46,13.93,0,0,0
2018-07-12 16:00:00,48.19,63.43,0,-69.51,784.52,0
2018-07-13 16:00:00,51.39,63.46,77.42,0,0,0
2018-07-16 16:00:00,51.89,63.47,22.56,0,0,0
2018-07-17 16:00:00,51,63.46,0,-13.96,0,0
2018-07-18 16:00:00,50.01,63.46,0,-6.5,0,0
2018-07-19 16:00:00,49.22,63.45,0,-40.76,859.03,0
2018-07-20 16:00:00,49.09,63.44,0,-18,0,0
2018-07-23 16:00:00,51.9,63.47,66.86,0,0,0
2018-07-24 16:00:00,53.33,63.48,44.95,0,0,0
2018-07-25 16:00:00,55.76,63.51,66.13,0,0,0
2018-07-26 16:00:00,55.59,63.51,2.23,0,0,0
2018-07-27 16:00:00,53.79,63.49,0,-42.15,0,0
2018-07-30 16:00:00,53.13,63.49,0,-13.26,0,0
2018-07-31 16:00:00,52.87,63.48,0,-8.9,0,0
2018-08-01 16:00:00,52.98,63.49,4.03,0,0,0
2018-08-02 16:00:00,49.92,63.45,0,-97.73,467.97,0
2018-08-03 16:00:00,46.6,63.41,0,-88.26,0,0
2018-08-06 16:00:00,44.18,63.39,0,-46.88,0,0
2018-08-07 16:00:00,42.35,63.37,0,-70.46,0,0
2018-08-08 16:00:00,46.51,63.41,118.03,0,0,0
2018-08-09 16:00:00,44.14,63.38,0,-82.44,541.49,0
2018-08-10 16:00:00,47.75,63.43,117.1,0,0,0
2018-08-13 16:00:00,48.08,63.43,10.08,0,0,0
2018-08-14 16:00:00,47.44,63.43,3.23,0,0,0
2018-08-15 16:00:00,46.68,63.42,0,-23.83,0,0
2018-08-16 16:00:00,43.16,63.37,0,-129.86,864.57,0
2018-08-17 16:00:00,42.5,63.35,0,-42.43,0,0
2018-08-20 16:00:00,40.45,63.32,0,-77.88,0,0
2018-08-21 16:00:00,42.09,63.34,50.8,0,0,0
2018-08-22 16:00:00,44.67,63.37,73.87,0,0,0
2018-08-23 16:00:00,43.86,63.35,0,-65.11,1016.6,0
2018-08-24 16:00:00,44.38,63.35,19.41,0,0,0
2018-08-27 16:00:00,44.61,63.35,0.97,0,0,0
2018-08-28 16:00:00,48.15,63.42,155.67,0,0,0
2018-08-29 16:00:00,47.87,63.42,11.37,0,0,0
2018-08-30 16:00:00,47.28,63.4,0,-52.64,669.17,0
2018-08-31 16:00:00,45.73,63.36,0,-91.92,0,0
2018-09-03 16:00:00,45.01,63.34,0,-47.89,0,0
2018-09-04 16:00:00,44.46,63.35,9.15,0,0,0
2018-09-05 16:00:00,46.29,63.38,71.59,0,0,0
2018-09-06 16:00:00,43.43,63.31,0,-166.02,775.25,0
2018-09-07 16:00:00,41.9,63.29,0,-53.92,0,0
2018-09-10 16:00:00,42.54,63.3,18.79,0,0,0
2018-09-11 16:00:00,40.47,63.25,0,-117.18,0,0
2018-09-12 16:00:00,40.22,63.24,0,-31.33,0,0
2018-09-13 16:00:00,39.25,63.21,0,-76.19,3036.91,0
2018-09-14 16:00:00,40.75,63.24,98.24,0,0,0
2018-09-17 16:00:00,40.99,63.22,0,-50.61,0,0
2018-09-18 16:00:00,39.38,63.17,0,-143.08,0,0
2018-09-19 16:00:00,42.18,63.25,206.1,0,0,0
2018-09-20 16:00:00,44.05,63.31,145.37,0,2336.11,0
2018-09-21 16:00:00,43.95,63.3,0,-7.77,0,0
2018-09-25 16:00:00,48.32,63.43,302.98,0,0,0
2018-09-26 16:00:00,46.98,63.39,0,-98.36,0,0
2018-09-27 16:00:00,48.61,63.42,87.15,0,1435.62,0
2018-09-28 16:00:00,48.02,63.39,0,-87.21,0,0
2018-10-08 16:00:00,49.55,63.44,134.89,0,0,0
2018-10-09 16:00:00,43.12,63.22,0,-547.01,0,0
2018-10-10 16:00:00,43.02,63.22,0,-1.79,0,0
2018-10-11 16:00:00,42.71,63.21,0,-24.09,1895.82,0
2018-10-12 16:00:00,35.86,62.85,0,-911.6,0,0
2018-10-15 16:00:00,37.89,62.89,111.13,0,0,0
2018-10-16 16:00:00,35.96,62.78,0,-279.7,0,0
2018-10-17 16:00:00,34.86,62.68,0,-245.39,0,0
2018-10-18 16:00:00,35.61,62.72,86.09,0,3278.27,0
2018-10-19 16:00:00,32.4,62.53,0,-456.11,0,0
2018-10-22 16:00:00,36.33,62.75,539.61,0,0,0
2018-10-23 16:00:00,42.22,63.07,803.41,0,0,0
2018-10-24 16:00:00,38.44,62.91,0,-400.12,0,0
2018-10-25 16:00:00,38.65,62.9,0,-23.58,2550.07,0
2018-10-26 16:00:00,38.92,62.92,41.28,0,0,0
2018-10-29 16:00:00,38.02,62.9,0,-55.19,0,0
2018-10-30 16:00:00,33.81,62.69,0,-510.13,0,0
2018-10-31 16:00:00,35.26,62.77,208.35,0,0,0
2018-11-01 16:00:00,37.15,62.89,284.88,0,3198.41,0
2018-11-02 16:00:00,38.16,62.94,137.79,0,0,0
2018-11-05 16:00:00,43.09,63.24,751.9,0,0,0
2018-11-06 16:00:00,41.9,63.2,0,-113.82,0,0
2018-11-07 16:00:00,41.04,63.18,0,-51.32,0,0
2018-11-08 16:00:00,40.12,63.11,0,-179.09,3169.05,0
2018-11-09 16:00:00,39.72,63.06,0,-126.22,0,0
2018-11-12 16:00:00,37.75,62.96,0,-247.59,0,0
2018-11-13 16:00:00,39.39,63.14,462.55,0,0,0
2018-11-14 16:00:00,40.79,63.27,320.88,0,0,0
2018-11-15 16:00:00,39.38,63.17,0,-248.43,3132.49,0
2018-11-16 16:00:00,41.01,63.31,347.16,0,0,0
2018-11-19 16:00:00,41.67,63.38,179.71,0,0,0
2018-11-20 16:00:00,43.28,63.49,269.68,0,0,0
2018-11-21 16:00:00,39.96,63.2,0,-726.97,0,0
2018-11-22 16:00:00,40.32,63.22,39.47,0,3202.6,0
2018-11-23 16:00:00,39.79,63.17,0,-113.37,0,0
2018-11-26 16:00:00,36.71,62.83,0,-859.02,0,0
2018-11-27 16:00:00,36.61,62.81,0,-44.77,0,0
2018-11-28 16:00:00,36.43,62.81,0,-5.09,0,0
2018-11-29 16:00:00,38.25,62.98,423.87,0,3436,0
2018-11-30 16:00:00,36.45,62.76,0,-544.4,0,0
2018-12-03 16:00:00,37.98,62.87,280.87,0,0,0
2018-12-04 16:00:00,41.81,63.26,962.16,0,0,0
2018-12-05 16:00:00,42.11,63.29,80.88,0,0,0
2018-12-06 16:00:00,41.42,63.2,0,-223.47,3100.59,0
2018-12-07 16:00:00,38.37,62.89,0,-762.05,0,0
2018-12-10 16:00:00,38.36,62.92,66.97,0,0,0
2018-12-11 16:00:00,36.76,62.73,0,-464.57,0,0
2018-12-12 16:00:00,37.42,62.83,237.65,0,0,0
2018-12-13 16:00:00,37.88,62.88,138.9,0,3352.88,0
2018-12-14 16:00:00,40.02,63.12,597.02,0,0,0
2018-12-17 16:00:00,37.68,62.83,0,-727.74,0,0
2018-12-18 16:00:00,37.48,62.8,0,-92.28,0,0
2018-12-19 16:00:00,36.05,62.66,0,-346.77,0,0
2018-12-20 16:00:00,34.43,62.44,0,-530.23,3434.2,0
2018-12-21 16:00:00,33.4,62.39,0,-133.35,0,0
2018-12-24 16:00:00,31.74,62.23,0,-407.83,0,0
2018-12-25 16:00:00,32.13,62.32,238.08,0,0,0
2018-12-26 16:00:00,31.22,62.18,0,-355.61,0,0
2018-12-27 16:00:00,30.55,62.1,0,-211.59,3696.65,0
2018-12-28 16:00:00,30.05,61.99,0,-259.45,0,0
2019-01-02 16:00:00,30.93,62.05,150.49,0,0,0
2019-01-03 16:00:00,29.14,61.82,0,-571.22,0,0
2019-01-04 16:00:00,28.94,61.77,0,-131.37,0,0
2019-01-07 16:00:00,32.03,62.18,1030.96,0,0,0
2019-01-08 16:00:00,32.83,62.37,454.54,0,0,0
2019-01-09 16:00:00,32.54,62.33,0,-80.19,0,0
2019-01-10 16:00:00,33.88,62.49,398.24,0,3610.01,0
2019-01-11 16:00:00,33.63,62.45,0,-120.93,0,0
2019-01-14 16:00:00,34.59,62.58,332.72,0,0,0
2019-01-15 16:00:00,33.41,62.45,0,-312.5,0,0
2019-01-16 16:00:00,36.03,62.75,748.39,0,0,0
2019-01-17 16:00:00,36.06,62.76,13.73,0,3476.98,0
2019-01-18 16:00:00,35.31,62.63,0,-326,0,0
2019-01-21 16:00:00,37.78,62.94,789.53,0,0,0
2019-01-22 16:00:00,38.54,63.06,279.85,0,0,0
2019-01-23 16:00:00,36.7,62.79,0,-673.46,0,0
2019-01-24 16:00:00,36.6,62.82,95.27,0,3312.2,0
2019-01-25 16:00:00,37.37,62.93,260.54,0,0,0
2019-01-28 16:00:00,38.49,63.08,379.29,0,0,0
2019-01-29 16:00:00,38.46,63.09,22.92,0,0,0
2019-01-30 16:00:00,38.9,63.13,91.43,0,0,0
2019-01-31 16:00:00,37.79,62.97,0,-392.77,3106.93,0
2019-02-01 16:00:00,39.23,63.08,281.1,0,0,0
2019-02-11 16:00:00,41.22,63.43,873.79,0,0,0
2019-02-12 16:00:00,43.79,63.89,1157.28,0,0,0
2019-02-13 16:00:00,44.83,64.08,464.04,0,0,0
2019-02-14 16:00:00,47.73,64.48,1004.01,0,2773.47,0
2019-02-15 16:00:00,47.95,64.51,74.98,0,0,0
2019-02-18 16:00:00,45.19,64.1,0,-1021.39,0,0
2019-02-19 16:00:00,49.85,64.92,2047.84,0,0,0
2019-02-20 16:00:00,49.58,64.87,0,-139.53,0,0
2019-02-21 16:00:00,50.12,64.98,297.01,0,2514.79,0
2019-02-22 16:00:00,49.72,64.86,0,-317.57,0,0
2019-02-25 16:00:00,53.08,65.33,1178.61,0,0,0
2019-02-26 16:00:00,62.19,66.86,3833.36,0,0,0
2019-02-27 16:00:00,60.24,66.62,0,-611.58,0,0
2019-02-28 16:00:00,59.97,66.52,0,-250.9,962.41,0
2019-03-01 16:00:00,59.58,66.51,0,-7.4,0,0
2019-03-04 16:00:00,63.07,67.02,1269.88,0,0,0
2019-03-05 16:00:00,65,67.52,1248.93,0,0,0
2019-03-06 16:00:00,65.95,67.94,1052.33,0,0,0
2019-03-07 16:00:00,67.35,68.24,732.37,0,773.62,0
2019-03-08 16:00:00,65.64,68.01,0,-574.91,0,0
2019-03-11 16:00:00,59.06,66.79,0,-3031.02,0,0
2019-03-12 16:00:00,62.21,67.65,2135.11,0,0,0
2019-03-13 16:00:00,63.31,68,883.63,0,0,0
2019-03-14 16:00:00,61.96,67.59,0,-1015.17,308,0
2019-03-15 16:00:00,60.84,67.22,0,-945.82,0,0
2019-03-18 16:00:00,62.86,67.69,1179.06,0,0,0
2019-03-19 16:00:00,67.51,68.6,2268.65,0,0,0
2019-03-20 16:00:00,66.73,68.54,0,-139.98,0,0
2019-03-21 16:00:00,66.8,68.56,57.99,0,249.9,0
2019-03-22 16:00:00,66.86,68.69,315.39,0,0,0
2019-03-25 16:00:00,66.73,68.79,247.92,0,0,0
2019-03-26 16:00:00,62.77,68.21,0,-1451.11,0,0
2019-03-27 16:00:00,60.93,67.69,0,-1293.36,0,0
2019-03-28 16:00:00,62.79,68.07,958.2,0,1324.24,0
2019-03-29 16:00:00,62.14,67.75,0,-808.98,0,0
2019-04-01 16:00:00,68.4,68.86,2786.15,0,0,0
2019-04-02 16:00:00,72.82,69.94,2699.63,0,0,0
2019-04-03 16:00:00,72.71,70,143.9,0,0,0
2019-04-04 16:00:00,74.92,70.41,1023.13,0,190.99,0
2019-04-08 16:00:00,76.66,70.76,877.31,0,0,0
2019-04-09 16:00:00,76.44,70.85,225.24,0,0,0
2019-04-10 16:00:00,77.23,70.97,285.22,0,0,0
2019-04-11 16:00:00,77.69,71.02,142.54,0,0,0
2019-04-12 16:00:00,73.85,70.31,0,-1792.35,0,0
2019-04-15 16:00:00,73.46,70.25,0,-129.06,0,0
2019-04-16 16:00:00,72.89,70.08,0,-442.54,0,0
2019-04-17 16:00:00,77.68,70.88,2003.59,0,0,0
2019-04-18 16:00:00,77.75,70.94,143.49,0,0,0
2019-04-19 16:00:00,77.09,70.75,0,-472.19,0,0
2019-04-22 16:00:00,79.2,71.13,963.39,0,0,0
2019-04-23 16:00:00,75.07,70.34,0,-1977.11,0,0
2019-04-24 16:00:00,74.78,70.05,0,-719.06,0,0
2019-04-25 16:00:00,75.26,70.28,571.75,0,0,0
2019-04-26 16:00:00,71.42,69.34,0,-2366.97,0,0
2019-04-29 16:00:00,69.14,68.9,0,-1089.17,0,0
2019-04-30 16:00:00,69.62,68.74,0,-409.05,0,0
